6115	C:\dev\smt\pnpm-lock.yaml
2053	C:\dev\Integrator\keycloak-init\mikel-crm-realm.json
2039	C:\dev\smt\config\keycloak-realm-export.json
1588	C:\dev\smt\docs\nueva-propuesta-formulario.html
1433	C:\dev\apisix\MikelIntegratorGW_APISIX_UserStories_v2.md
1277	C:\dev\smt\packages\backend\src\modules\platform\platform.routes.ts
1037	C:\dev\licencesmikel\.kiro\specs\portal-contratacion-frontend\design.md
1017	C:\dev\licencesmikel\REQUERIMIENTOS_HISTORIAS_USUARIO.md
939	C:\dev\Integrator\MikelIntegratorGW_Compatibilidad_Modulos.md
862	C:\dev\licencesmikel\.kiro\specs\license-service-microservice\design.md
828	C:\dev\smt\.kiro\specs\modulo-clientes\design.md
795	C:\dev\licencesmikel\SDD_MICROSERVICIO_LICENCIAS.md
747	C:\dev\smt\.kiro\specs\sistema-gestion-reactivos\design.md
718	C:\dev\smt\docs\propuesta-norma.html
710	C:\dev\Integrator\MikelIntegratorGW_SDD.md
700	C:\dev\smt\.kiro\specs\report-templates-engine\design.md
663	C:\dev\smt\packages\frontend\src\app\(dashboard)\platform\report-templates\components\ThemePanel.tsx
659	C:\dev\apisix\apisix-config\apisix.yaml
653	C:\dev\smt\packages\backend\src\modules\reactivos\reactivo.service.ts
648	C:\dev\smt\packages\frontend\src\app\(dashboard)\platform\tenant-forms\page.tsx
642	C:\dev\smt\.kiro\specs\integracion-plataforma\design.md
586	C:\dev\smt\.kiro\specs\validation-rules-engine\design.md
564	C:\dev\smt\packages\backend\src\modules\forms\form.routes.ts
560	C:\dev\smt\packages\backend\src\modules\reactivos\reactivo-submit.test.ts
549	C:\dev\smt\packages\frontend\src\components\forms\ValidationRulesTab.tsx
538	C:\dev\smt\packages\backend\src\modules\tenant\keycloak-admin-client.ts
531	C:\dev\smt\packages\backend\src\modules\reactivos\reactivo.routes.ts
522	C:\dev\smt\packages\backend\src\modules\reactivos\pdf-pipeline.service.ts
503	C:\dev\smt\docker-compose.platform.yml
498	C:\dev\smt\packages\backend\src\modules\clientes\cliente.routes.ts
497	C:\dev\smt\.kiro\specs\sistema-gestion-reactivos\tasks.md
468	C:\dev\smt\packages\frontend\src\app\(dashboard)\platform\report-templates\page.tsx
465	C:\dev\smt\packages\backend\src\modules\tickets\ticket.routes.ts
461	C:\dev\smt\packages\backend\src\modules\validation\__tests__\override.routes.test.ts
458	C:\dev\smt\packages\backend\src\modules\forms\form.service.ts
453	C:\dev\smt\packages\backend\src\db\init.sql
446	C:\dev\smt\packages\backend\src\db\seed.ts
443	C:\dev\smt\packages\frontend\src\app\(dashboard)\platform\validation-rules\nuevo\page.tsx
434	C:\dev\smt\.kiro\specs\multi-tenant-schema\design.md
432	C:\dev\licencesmikel\SDD_ROL_ASISTENTE.md
431	C:\dev\smt\packages\backend\src\modules\reactivos\complementary-study.service.ts
430	C:\dev\smt\packages\backend\src\modules\clientes\cliente.service.ts
427	C:\dev\smt\packages\frontend\src\app\(dashboard)\my-kanban\page.tsx
426	C:\dev\smt\packages\backend\src\modules\validation\__tests__\effective-rule-set.property.test.ts
426	C:\dev\apisix\.kiro\specs\mikel-integrator-gw-apisix\design.md
424	C:\dev\smt\packages\backend\src\modules\kanban\kanban.service.ts
419	C:\dev\smt\packages\backend\src\modules\validation\__tests__\submit-flow.test.ts
412	C:\dev\smt\packages\backend\src\modules\tickets\ticket.service.ts
412	C:\dev\smt\packages\frontend\src\components\kanban\KanbanBoard.tsx
403	C:\dev\smt\.kiro\specs\keycloak-user-sync\design.md
402	C:\dev\smt\packages\frontend\src\app\(dashboard)\admin\tenants\[id]\page.tsx
400	C:\dev\smt\packages\backend\src\modules\validation\__tests__\section-patterns.property.test.ts
384	C:\dev\smt\packages\frontend\src\app\(dashboard)\tickets\page.tsx
372	C:\dev\smt\packages\frontend\src\components\kanban\EnsayoFormModal.tsx
361	C:\dev\smt\docs\diagrama-flujo-informacion.md
346	C:\dev\smt\docs\pruebas-integracion-plataforma.md
344	C:\dev\smt\packages\backend\src\modules\forms\html-parser.ts
342	C:\dev\smt\packages\backend\tests\integration\reactivo-lifecycle.test.ts
342	C:\dev\smt\packages\backend\src\db\schema-template.sql
340	C:\dev\smt\packages\backend\src\modules\platform\tenant-lifecycle.service.ts
329	C:\dev\smt\packages\backend\src\modules\users\user.service.ts
328	C:\dev\licencesmikel\license-service\src\main\java\com\mikelcrm\licenseservice\service\command\CarteraAdminService.java
327	C:\dev\licencesmikel\portal-contratacion\.kiro\specs\funcion-roles\design.md
322	C:\dev\smt\packages\backend\src\modules\reactivos\schema-validator.test.ts
314	C:\dev\smt\docs\der-multitenancy.md
314	C:\dev\smt\packages\frontend\src\app\(dashboard)\clientes\[id]\page.tsx
312	C:\dev\licencesmikel\.kiro\specs\license-service-microservice\tasks.md
312	C:\dev\licencesmikel\portal-contratacion\src\app\features\admin\estados-cuenta\estado-cuenta-detail.component.ts
310	C:\dev\smt\.kiro\specs\integrated-login\design.md
307	C:\dev\licencesmikel\license-service\src\main\java\com\mikelcrm\licenseservice\service\command\CreditCommandService.java
306	C:\dev\smt\packages\frontend\src\components\kanban\ComplianceSummaryModal.tsx
304	C:\dev\smt\packages\backend\src\modules\tenant\tenant-provisioning.service.ts
304	C:\dev\licencesmikel\.kiro\specs\portal-contratacion-frontend\tasks.md
302	C:\dev\smt\docs\diagrama-flujo-mermaid.md
301	C:\dev\licencesmikel\portal-contratacion\src\app\features\admin\cartera\cartera-detail.component.ts
300	C:\dev\smt\.kiro\specs\modulo-clientes\tasks.md
297	C:\dev\licencesmikel\license-service\src\main\java\com\mikelcrm\licenseservice\security\JwtAuthFilter.java
292	C:\dev\smt\packages\backend\src\modules\validation\validation-engine.test.ts
291	C:\dev\licencesmikel\portal-contratacion\src\app\features\public-portal\layout\public-layout.component.ts
290	C:\dev\smt\packages\backend\src\modules\form-templates\form-template.routes.ts
290	C:\dev\smt\docs\tareas_integracion.md
288	C:\dev\Integrator\keycloak-init\mikel-platform-realm.json
285	C:\dev\smt\packages\backend\src\modules\observations\observation.routes.ts
281	C:\dev\apisix\smoke-test-gateway.sh
278	C:\dev\smt\docs\formulario-nom025-interactivo.html
278	C:\dev\smt\packages\frontend\src\app\(dashboard)\platform\validation-rules\editar\[id]\page.tsx
276	C:\dev\smt\packages\backend\src\modules\assignments\assignment.service.ts
276	C:\dev\smt\packages\backend\src\modules\observations\observation.service.ts
275	C:\dev\smt\packages\backend\src\modules\report-templates\report-theme.catalog.ts
273	C:\dev\smt\docs\arquitectura-flujo.md
270	C:\dev\smt\packages\backend\src\modules\auth\auth.service.ts
267	C:\dev\smt\packages\backend\src\modules\tickets\ticket-id.service.ts
265	C:\dev\smt\packages\backend\src\modules\report-templates\report-template.routes.ts
265	C:\dev\smt\.kiro\specs\validation-rules-engine\tasks.md
261	C:\dev\licencesmikel\SDD_TEMPLATE.md
260	C:\dev\licencesmikel\license-service\src\main\java\com\mikelcrm\licenseservice\service\command\TenantCommandService.java
258	C:\dev\smt\.kiro\specs\report-templates-engine\tasks.md
257	C:\dev\smt\packages\frontend\src\app\(dashboard)\platform\report-templates\components\LivePreview.tsx
256	C:\dev\licencesmikel\license-service\src\main\java\com\mikelcrm\licenseservice\service\command\SpeiPaymentService.java
256	C:\dev\smt\packages\backend\src\modules\form-templates\__tests__\bug-condition-exploration.property.test.ts
256	C:\dev\smt\docs\estrategia-multitenancy.md
255	C:\dev\licencesmikel\portal-contratacion\src\app\features\admin\cobros\cobros.component.ts
254	C:\dev\smt\docs\flujo-multitenancy-schema.md
254	C:\dev\licencesmikel\portal-contratacion\src\app\features\admin\planes-tenants\planes-tenants.component.ts
251	C:\dev\smt\.kiro\specs\ensayo-tecnico\design.md
250	C:\dev\licencesmikel\license-service\src\test\java\com\mikelcrm\licenseservice\service\command\ContractCommandServiceTest.java
249	C:\dev\smt\packages\backend\src\modules\reactivos\pdf-legacy.service.ts
248	C:\dev\smt\packages\backend\src\modules\auth\integrated-auth.strategy.ts
247	C:\dev\smt\packages\frontend\src\app\(dashboard)\platform\report-templates\components\SectionBuilder.tsx
247	C:\dev\licencesmikel\portal-contratacion\src\app\features\admin\cartera\cartera-adjust-dialog.component.ts
243	C:\dev\smt\packages\frontend\src\app\(dashboard)\configuracion\asignacion\page.tsx
240	C:\dev\licencesmikel\portal-contratacion\src\app\features\admin\funcion-roles\funcion-roles-form.component.ts
238	C:\dev\smt\packages\backend\src\modules\calculation\calculation-engine.ts
237	C:\dev\smt\packages\frontend\src\components\kanban\KanbanFilters.tsx
236	C:\dev\smt\packages\backend\src\db\seed-data\formulario-nom025.html
236	C:\dev\smt\docs\formulario-nom025.html
234	C:\dev\smt\packages\frontend\src\app\(dashboard)\tickets\[id]\page.tsx
230	C:\dev\smt\packages\frontend\src\app\(dashboard)\configuracion\report-template\[formId]\page.tsx
228	C:\dev\smt\packages\frontend\src\app\(dashboard)\platform\form-templates\page.tsx
227	C:\dev\licencesmikel\license-service\src\main\java\com\mikelcrm\licenseservice\service\command\ContractCommandService.java
227	C:\dev\smt\packages\backend\src\modules\validation\__tests__\structural-validation.property.test.ts
227	C:\dev\smt\packages\backend\src\modules\validation\rule-template.routes.ts
224	C:\dev\smt\packages\backend\src\modules\validation\structural-validator.test.ts
223	C:\dev\smt\docs\security-audit-2026-08-21.md
221	C:\dev\smt\packages\backend\src\modules\validation\validation-engine.ts
219	C:\dev\apisix\.kiro\specs\mikel-integrator-gw-apisix\tasks.md
219	C:\dev\smt\docs\plan-integracion-4-modulos.md
215	C:\dev\smt\packages\backend\src\modules\tenant\tenant.middleware.ts
214	C:\dev\smt\.kiro\specs\integracion-plataforma\tasks.md
213	C:\dev\smt\packages\backend\src\modules\auth\keycloak-client.ts
212	C:\dev\licencesmikel\portal-contratacion\src\app\features\public-portal\components\contract-form\contract-form.component.ts
211	C:\dev\smt\docker-compose.yml
210	C:\dev\smt\packages\frontend\src\components\users\UserForm.tsx
209	C:\dev\smt\packages\backend\src\app.ts
209	C:\dev\Integrator\.kiro\specs\devcontainer-keycloak\design.md
207	C:\dev\smt\packages\backend\src\modules\users\user.routes.ts
206	C:\dev\licencesmikel\license-service\src\test\java\com\mikelcrm\licenseservice\service\command\TenantCommandServiceTest.java
203	C:\dev\smt\packages\frontend\src\app\(dashboard)\platform\calculation-rules\nuevo\page.tsx
202	C:\dev\smt\packages\frontend\src\components\forms\FormTemplateCatalog.tsx
201	C:\dev\smt\packages\backend\src\modules\reactivos\pdf-form-renderer.ts
199	C:\dev\smt\packages\backend\src\modules\auth\keycloak-client.test.ts
196	C:\dev\smt\packages\backend\src\modules\assignments\assignment.routes.ts
196	C:\dev\smt\packages\frontend\src\app\(dashboard)\tickets\nuevo\page.tsx
196	C:\dev\smt\packages\backend\src\modules\tickets\asignacion.service.ts
194	C:\dev\smt\packages\frontend\src\app\(dashboard)\clientes\page.tsx
194	C:\dev\smt\docker-compose.prod.yml
193	C:\dev\licencesmikel\license-service\src\main\java\com\mikelcrm\licenseservice\controller\CarteraAdminController.java
192	C:\dev\smt\packages\backend\src\modules\validation\__tests__\field-evaluators.property.test.ts
191	C:\dev\smt\packages\backend\src\modules\consumption\consumption.service.ts
191	C:\dev\smt\packages\backend\src\modules\validation\patterns\field-evaluators.test.ts
190	C:\dev\smt\docs\preparacion-multitenancy-minima.md
189	C:\dev\smt\packages\frontend\src\app\(dashboard)\platform\validation-rules\page.tsx
188	C:\dev\smt\.kiro\specs\keycloak-user-sync\tasks.md
188	C:\dev\smt\packages\backend\tests\integration\auth-flow.test.ts
187	C:\dev\smt\packages\backend\src\modules\auth\auth.routes.ts
187	C:\dev\smt\packages\backend\src\modules\clientes\documento.routes.ts
187	C:\dev\licencesmikel\.kiro\specs\license-service-microservice\requirements.md
183	C:\dev\smt\packages\backend\src\modules\kafka\kafka.consumer.ts
182	C:\dev\licencesmikel\license-service\src\main\java\com\mikelcrm\licenseservice\service\query\ContractQueryService.java
181	C:\dev\smt\packages\backend\src\modules\notifications\notification.service.ts
181	C:\dev\smt\docs\evaluacion-multitenancy-keycloak.md
181	C:\dev\smt\packages\frontend\src\components\kanban\KanbanColumn.tsx
180	C:\dev\smt\.kiro\specs\validation-rules-engine\requirements.md
179	C:\dev\smt\packages\frontend\src\app\(dashboard)\clientes\[id]\editar\page.tsx
179	C:\dev\licencesmikel\license-service\pom.xml
179	C:\dev\smt\packages\backend\src\modules\form-templates\form-template.service.ts
179	C:\dev\smt\docs\deploy-report-templates.md
178	C:\dev\smt\packages\frontend\src\components\reactivos\EnsayoFormModal.tsx
178	C:\dev\licencesmikel\portal-contratacion\src\app\features\auth\login.component.ts
177	C:\dev\licencesmikel\portal-contratacion\src\app\features\admin\cartera\cartera-list.component.ts
175	C:\dev\smt\docs\propuesta-planes-roles.md
174	C:\dev\smt\packages\frontend\src\app\(dashboard)\admin\tenants\nuevo\page.tsx
173	C:\dev\smt\packages\backend\src\modules\validation\override.routes.ts
172	C:\dev\smt\packages\backend\tests\integration\notification-delivery.test.ts
171	C:\dev\smt\packages\backend\src\modules\kanban\kanban.routes.ts
171	C:\dev\smt\.kiro\specs\integrated-login\tasks.md
169	C:\dev\licencesmikel\license-service\src\main\java\com\mikelcrm\licenseservice\service\command\AperturaContractService.java
167	C:\dev\apisix\.kiro\specs\mikel-integrator-gw-apisix\requirements.md
167	C:\dev\licencesmikel\license-service\src\main\java\com\mikelcrm\licenseservice\service\FuncionRolesService.java
167	C:\dev\apisix\docs\flujo-integracion-smt-apisix.md
167	C:\dev\smt\packages\frontend\src\app\(dashboard)\admin\tenants\page.tsx
165	C:\dev\smt\packages\backend\src\db\sync-user-ids-with-keycloak.ts
164	C:\dev\licencesmikel\license-service\docker-compose.yml
164	C:\dev\licencesmikel\portal-contratacion\src\app\features\admin\layout\admin-layout.component.ts
164	C:\dev\licencesmikel\portal-contratacion\src\app\features\admin\plans\plan-form.component.ts
163	C:\dev\smt\packages\backend\src\modules\credits\report-charge.service.ts
163	C:\dev\smt\.kiro\specs\schema-creation-fix\design.md
162	C:\dev\smt\packages\frontend\src\components\ui\DataTable.tsx
162	C:\dev\smt\packages\backend\src\lib\config.ts
162	C:\dev\smt\packages\backend\src\modules\clientes\documento.service.ts
161	C:\dev\smt\docs\pentest-report.md
160	C:\dev\licencesmikel\license-service\src\test\java\com\mikelcrm\licenseservice\security\JwtAuthFilterTest.java
160	C:\dev\smt\packages\frontend\src\components\clientes\DocumentUpload.tsx
159	C:\dev\smt\docs\cambios-sesion-2026-08-01.md
158	C:\dev\smt\packages\backend\src\server.ts
157	C:\dev\smt\packages\backend\src\modules\platform\tenant-form-detail.routes.ts
156	C:\dev\smt\packages\backend\src\modules\validation\validation.types.ts
156	C:\dev\smt\packages\frontend\src\components\kanban\KanbanCard.tsx
156	C:\dev\licencesmikel\license-service\src\main\java\com\mikelcrm\licenseservice\controller\EstadoCuentaController.java
156	C:\dev\licencesmikel\portal-contratacion\.kiro\specs\funcion-roles\tasks.md
156	C:\dev\smt\packages\frontend\src\app\(dashboard)\clientes\nuevo\page.tsx
155	C:\dev\licencesmikel\license-service\src\main\java\com\mikelcrm\licenseservice\service\command\EstadoCuentaService.java
154	C:\dev\smt\packages\backend\src\modules\reactivos\section-renderers\form-content.renderer.ts
154	C:\dev\smt\.devcontainer\README.md
153	C:\dev\smt\e2e\tests\flows\pdf-generation.spec.ts
153	C:\dev\smt\packages\backend\src\modules\observations\file-validation.ts
152	C:\dev\smt\packages\backend\src\modules\clientes\busqueda.service.ts
152	C:\dev\smt\packages\backend\src\modules\validation\__tests__\rule-persistence.property.test.ts
152	C:\dev\licencesmikel\license-service\src\main\java\com\mikelcrm\licenseservice\audit\AuditAspect.java
152	C:\dev\licencesmikel\portal-contratacion\src\app\core\services\auth.service.ts
151	C:\dev\smt\e2e\tests\flows\form-fill.spec.ts
151	C:\dev\smt\packages\backend\src\modules\credits\report-points.util.ts
150	C:\dev\licencesmikel\.kiro\specs\portal-contratacion-frontend\requirements.md
150	C:\dev\Integrator\README-keycloak.md
150	C:\dev\smt\.kiro\specs\report-templates-engine\requirements.md
149	C:\dev\smt\packages\frontend\src\app\(dashboard)\forms\[id]\page.tsx
149	C:\dev\licencesmikel\license-service\src\test\java\com\mikelcrm\licenseservice\security\RateLimitFilterTest.java
149	C:\dev\smt\packages\backend\src\modules\calculation\calculation-rule.routes.ts
148	C:\dev\smt\docs\permisos-roles.md
148	C:\dev\smt\packages\backend\src\modules\notifications\notification.routes.ts
147	C:\dev\licencesmikel\license-service\src\main\java\com\mikelcrm\licenseservice\exception\GlobalExceptionHandler.java
147	C:\dev\smt\packages\backend\src\modules\report-templates\report-template.schemas.ts
147	C:\dev\licencesmikel\license-service\src\main\java\com\mikelcrm\licenseservice\controller\PlanController.java
146	C:\dev\licencesmikel\license-service\src\main\java\com\mikelcrm\licenseservice\controller\SpeiWebhookController.java
146	C:\dev\smt\packages\backend\src\modules\validation\validation.schemas.ts
146	C:\dev\licencesmikel\license-service\src\test\java\com\mikelcrm\licenseservice\service\command\CuotaPaymentServiceTest.java
145	C:\dev\smt\packages\backend\src\modules\reactivos\pdf.service.ts
144	C:\dev\smt\.kiro\specs\multi-tenant-schema\requirements.md
144	C:\dev\licencesmikel\license-service\src\main\java\com\mikelcrm\licenseservice\service\query\AccessQueryService.java
144	C:\dev\smt\.kiro\specs\punto-tipo-muestreo-individual\design.md
142	C:\dev\smt\.kiro\specs\modulo-clientes\requirements.md
141	C:\dev\smt\packages\frontend\src\components\forms\DynamicFormIframe.tsx
140	C:\dev\smt\packages\frontend\src\components\kanban\TransitionDialog.tsx
140	C:\dev\smt\packages\backend\src\modules\report-templates\override.routes.ts
140	C:\dev\smt\.kiro\specs\schema-creation-fix\tasks.md
138	C:\dev\smt\packages\backend\src\modules\report-templates\report-template.types.ts
138	C:\dev\smt\.kiro\specs\multiuser-form-editing\requirements.md
138	C:\dev\smt\docs\propuesta-flujo-login.md
137	C:\dev\smt\packages\frontend\src\app\(dashboard)\platform\calculation-rules\page.tsx
137	C:\dev\smt\packages\backend\src\modules\signatures\signature.routes.ts
136	C:\dev\licencesmikel\portal-contratacion\src\app\features\public-portal\components\payment-dialog\payment-dialog.component.ts
135	C:\dev\Integrator\docker-compose.keycloak.yml
134	C:\dev\smt\packages\frontend\src\app\(dashboard)\configuracion\sla\page.tsx
134	C:\dev\smt\packages\frontend\src\app\(dashboard)\platform\report-templates\components\SectionConfigPanel.tsx
132	C:\dev\apisix\docs\flujo-integracion-smt-apisix.html
132	C:\dev\licencesmikel\license-service\src\test\java\com\mikelcrm\licenseservice\security\TestJwtUtil.java
131	C:\dev\licencesmikel\license-service\src\main\java\com\mikelcrm\licenseservice\service\command\ConsultationService.java
130	C:\dev\smt\packages\backend\tests\integration\file-upload-scan.test.ts
130	C:\dev\smt\packages\backend\src\modules\tickets\sla.service.ts
130	C:\dev\apisix\.devcontainer\docker-compose.devcontainer.yml
129	C:\dev\smt\.kiro\specs\sistema-gestion-reactivos\requirements.md
128	C:\dev\smt\packages\backend\src\modules\report-templates\activation.routes.ts
127	C:\dev\smt\packages\frontend\src\app\(dashboard)\platform\form-templates\editar\[id]\page.tsx
127	C:\dev\smt\packages\frontend\src\components\reactivos\ReactivoList.tsx
126	C:\dev\licencesmikel\portal-contratacion\src\app\features\public-portal\components\contract-confirmation\contract-confirmation.component.ts
126	C:\dev\smt\packages\backend\src\modules\signatures\signature.service.ts
126	C:\dev\smt\packages\backend\src\modules\audit\audit.service.ts
126	C:\dev\licencesmikel\license-service\src\main\java\com\mikelcrm\licenseservice\job\CuotaOverdueJob.java
126	C:\dev\licencesmikel\license-service\src\main\java\com\mikelcrm\licenseservice\security\GatewayHeaderAuthFilter.java
123	C:\dev\smt\packages\backend\src\db\sync-existing-users-to-keycloak.ts
123	C:\dev\licencesmikel\portal-contratacion\src\app\features\admin\estados-cuenta\estado-cuenta-list.component.ts
123	C:\dev\smt\.kiro\specs\punto-tipo-muestreo-individual\tasks.md
121	C:\dev\smt\.github\workflows\ci.yml
120	C:\dev\smt\e2e\tests\flows\create-ticket.spec.ts
119	C:\dev\licencesmikel\portal-contratacion\src\app\features\admin\funcion-roles\funcion-roles-list.component.ts
119	C:\dev\smt\packages\backend\src\modules\notifications\queues.ts
118	C:\dev\smt\docs\pentest-report-platform.md
118	C:\dev\licencesmikel\portal-contratacion\src\app\features\admin\plans\plan-list.component.ts
118	C:\dev\smt\packages\frontend\src\lib\api.ts
117	C:\dev\licencesmikel\portal-contratacion\.kiro\specs\funcion-roles\requirements.md
117	C:\dev\licencesmikel\license-service\src\main\java\com\mikelcrm\licenseservice\service\command\CuotaPaymentService.java
116	C:\dev\smt\packages\frontend\src\components\layout\Sidebar.tsx
116	C:\dev\smt\packages\frontend\src\app\(dashboard)\platform\form-templates\nuevo\page.tsx
116	C:\dev\apisix\docker-compose.apisix.yml
115	C:\dev\smt\packages\frontend\src\app\(dashboard)\platform\report-templates\components\SectionList.tsx
114	C:\dev\licencesmikel\license-service\src\main\java\com\mikelcrm\licenseservice\payment\gateway\StripePaymentGateway.java
114	C:\dev\smt\packages\backend\src\modules\validation\structural-validator.ts
114	C:\dev\licencesmikel\license-service\src\main\resources\application.yml
114	C:\dev\smt\.kiro\specs\integracion-plataforma\requirements.md
114	C:\dev\smt\packages\frontend\src\app\(dashboard)\kanban\[id]\page.tsx
113	C:\dev\smt\packages\backend\src\modules\validation\patterns\readonly.test.ts
112	C:\dev\smt\.kiro\specs\integracion-auth-keycloak\requirements.md
111	C:\dev\smt\packages\backend\src\modules\auth\auth.middleware.ts
110	C:\dev\licencesmikel\portal-contratacion\src\app\features\public-portal\components\service-summary\service-summary.component.ts
110	C:\dev\licencesmikel\license-service\src\test\java\com\mikelcrm\licenseservice\domain\validation\RoleSetValidatorTest.java
109	C:\dev\smt\packages\backend\src\modules\reactivos\schema-validator.ts
109	C:\dev\licencesmikel\portal-contratacion\src\app\features\dashboard\layout\dashboard-layout.component.ts
109	C:\dev\smt\packages\backend\src\db\migrations\0003_modulo_clientes.sql
107	C:\dev\smt\packages\frontend\src\app\(dashboard)\my-reactivos\[id]\page.tsx
106	C:\dev\smt\packages\backend\src\modules\clientes\cliente.types.ts
106	C:\dev\smt\packages\backend\src\modules\clientes\cliente.schemas.ts
106	C:\dev\smt\packages\backend\src\modules\reactivos\pdf-storage.service.ts
105	C:\dev\smt\packages\frontend\src\app\(dashboard)\my-forms\[id]\fill\page.tsx
105	C:\dev\licencesmikel\license-service\src\main\java\com\mikelcrm\licenseservice\controller\ProvisioningInfoController.java
104	C:\dev\smt\packages\backend\src\modules\platform\tenant-reconcile.service.ts
102	C:\dev\smt\packages\frontend\src\components\signature\SignatureCanvas.tsx
101	C:\dev\smt\packages\backend\src\lib\garage.ts
101	C:\dev\smt\packages\frontend\src\hooks\useSessionTimer.ts
101	C:\dev\smt\packages\frontend\src\components\forms\FormList.tsx
100	C:\dev\smt\packages\frontend\src\components\reactivos\RejectionInfoModal.tsx
100	C:\dev\smt\packages\backend\src\modules\validation\patterns\field-computed.ts
100	C:\dev\licencesmikel\license-service\src\main\java\com\mikelcrm\licenseservice\security\rbac\RBACInterceptor.java
99	C:\dev\smt\packages\frontend\src\app\login\page.tsx
99	C:\dev\smt\packages\frontend\src\lib\token-storage.ts
98	C:\dev\smt\packages\backend\src\lib\slug.test.ts
98	C:\dev\smt\packages\backend\src\db\migration-runner.ts
97	C:\dev\licencesmikel\license-service\src\main\java\com\mikelcrm\licenseservice\security\rbac\TenantConfinementAspect.java
97	C:\dev\smt\packages\frontend\src\components\assignments\AssignmentForm.tsx
97	C:\dev\smt\packages\frontend\src\app\(dashboard)\forms\new\page.tsx
97	C:\dev\licencesmikel\license-service\src\main\java\com\mikelcrm\licenseservice\job\CuotaAlmacenamientoJob.java
97	C:\dev\smt\docs\mapa-comunicacion-modulos.md
97	C:\dev\smt\packages\backend\src\modules\reactivos\reactivo.types.ts
96	C:\dev\licencesmikel\portal-contratacion\angular.json
96	C:\dev\smt\packages\backend\src\modules\validation\__tests__\error-completeness.property.test.ts
96	C:\dev\licencesmikel\license-service\src\main\java\com\mikelcrm\licenseservice\job\RenovacionNotificacionJob.java
95	C:\dev\smt\readmemgr.md
94	C:\dev\smt\packages\backend\src\lib\form-session.ts
93	C:\dev\smt\packages\backend\src\modules\auth\tenant-resolver.test.ts
93	C:\dev\smt\packages\frontend\src\app\(dashboard)\users\page.tsx
92	C:\dev\smt\e2e\package-lock.json
92	C:\dev\smt\.kiro\specs\multi-tenant-schema\tasks.md
91	C:\dev\licencesmikel\license-service\src\main\java\com\mikelcrm\licenseservice\job\CreditosVencimientoJob.java
91	C:\dev\smt\packages\frontend\src\components\observations\ObservationForm.tsx
91	C:\dev\licencesmikel\license-service\src\main\java\com\mikelcrm\licenseservice\event\DomainEventPublisher.java
90	C:\dev\licencesmikel\license-service\src\main\java\com\mikelcrm\licenseservice\job\CobroMensualVencidoJob.java
90	C:\dev\licencesmikel\license-service\src\main\java\com\mikelcrm\licenseservice\job\RenovacionAutoJob.java
90	C:\dev\licencesmikel\license-service\src\main\java\com\mikelcrm\licenseservice\controller\PagoAdminController.java
90	C:\dev\smt\packages\backend\src\db\migrations\0013_ticket_id_sin_fecha.sql
89	C:\dev\smt\packages\backend\src\lib\error-handler.ts
89	C:\dev\licencesmikel\license-service\.devcontainer\docker-compose.yml
87	C:\dev\smt\e2e\tests\flows\kanban.spec.ts
87	C:\dev\smt\docs\inventario-licencias.md
87	C:\dev\licencesmikel\portal-contratacion\src\app\features\dashboard\components\contract-section\contract-section.component.ts
86	C:\dev\smt\packages\backend\src\modules\auth\license-client.ts
86	C:\dev\licencesmikel\portal-contratacion\src\app\core\services\cartera.service.ts
85	C:\dev\smt\packages\backend\src\modules\forms\form.types.ts
84	C:\dev\smt\packages\backend\src\db\run-public-migrations.ts
84	C:\dev\licencesmikel\license-service\src\main\java\com\mikelcrm\licenseservice\audit\AuditService.java
84	C:\dev\smt\packages\frontend\src\components\forms\DynamicForm.tsx
83	C:\dev\licencesmikel\license-service\src\main\resources\db\migration\V20260828__cobro_mensual_spei.sql
83	C:\dev\smt\packages\backend\src\index.ts
83	C:\dev\licencesmikel\license-service\src\main\java\com\mikelcrm\licenseservice\security\RateLimitFilter.java
82	C:\dev\smt\packages\backend\src\modules\form-templates\form-template.service.test.ts
82	C:\dev\smt\packages\backend\src\modules\auth\license-client.test.ts
82	C:\dev\smt\docs\incidente-403-admin-planes.md
82	C:\dev\licencesmikel\license-service\src\main\java\com\mikelcrm\licenseservice\security\rbac\PermissionMatrix.java
82	C:\dev\licencesmikel\portal-contratacion\src\app\features\public-portal\components\module-cards\module-cards.component.ts
82	C:\dev\smt\packages\frontend\src\lib\states.ts
82	C:\dev\smt\packages\backend\src\modules\report-templates\effective-template.service.ts
81	C:\dev\smt\packages\frontend\src\hooks\useNotifications.ts
81	C:\dev\smt\packages\frontend\src\components\kanban\RejectionInfoModal.tsx
80	C:\dev\smt\packages\backend\src\modules\tickets\assignment.worker.ts
80	C:\dev\smt\packages\backend\src\lib\safe-math-eval.ts
80	C:\dev\smt\packages\frontend\src\app\(dashboard)\forms\page.tsx
79	C:\dev\licencesmikel\portal-contratacion\src\app\features\admin\admin.routes.ts
79	C:\dev\smt\packages\frontend\src\components\kanban\ReactivoDetail.tsx
79	C:\dev\smt\.devcontainer\backend\devcontainer.json
79	C:\dev\smt\packages\frontend\src\components\TecnicoSessionGuard.tsx
79	C:\dev\smt\packages\frontend\src\components\forms\FormPreviewModal.tsx
79	C:\dev\smt\packages\frontend\src\components\users\UserTable.tsx
78	C:\dev\smt\e2e\tests\flows\login.spec.ts
78	C:\dev\smt\packages\frontend\src\app\(dashboard)\assignments\page.tsx
77	C:\dev\smt\packages\backend\src\modules\tickets\ticket.schemas.ts
77	C:\dev\licencesmikel\portal-contratacion\src\app\core\services\funcion-roles.service.ts
77	C:\dev\smt\packages\backend\src\db\schema\tickets.ts
77	C:\dev\smt\packages\backend\src\modules\credits\pdf-credit.service.ts
77	C:\dev\smt\packages\backend\src\modules\kafka\kafka.events.ts
76	C:\dev\smt\packages\backend\src\modules\credits\credit.client.ts
75	C:\dev\smt\.kiro\specs\tenant-role-restrictions\requirements.md
75	C:\dev\smt\.kiro\specs\integrated-login\requirements.md
75	C:\dev\smt\packages\backend\src\db\schema\clientes.ts
74	C:\dev\licencesmikel\license-service\src\main\java\com\mikelcrm\licenseservice\controller\CreditCommandController.java
74	C:\dev\smt\packages\backend\src\modules\validation\patterns\required-all.test.ts
73	C:\dev\smt\packages\frontend\src\components\observations\ObservationList.tsx
73	C:\dev\licencesmikel\license-service\src\main\java\com\mikelcrm\licenseservice\service\command\ClabeAdminService.java
73	C:\dev\smt\packages\frontend\src\contexts\AuthContext.tsx
73	C:\dev\smt\e2e\fixtures\auth.ts
73	C:\dev\smt\packages\backend\src\modules\consumption\consumption.routes.ts
73	C:\dev\smt\.kiro\specs\ensayo-tecnico\requirements.md
73	C:\dev\smt\packages\backend\src\modules\forms\version-diff.ts
71	C:\dev\smt\scripts\migrate-tenant-hashid.sql
70	C:\dev\licencesmikel\portal-contratacion\src\app\features\dashboard\services\dashboard-state.service.ts
70	C:\dev\licencesmikel\license-service\src\main\java\com\mikelcrm\licenseservice\domain\entity\Tenant.java
69	C:\dev\licencesmikel\license-service\src\main\java\com\mikelcrm\licenseservice\service\cache\PlanCacheWarmupService.java
69	C:\dev\smt\packages\backend\src\modules\auth\auth-strategy.factory.ts
69	C:\dev\smt\packages\backend\src\db\schema\validation.ts
67	C:\dev\licencesmikel\license-service\src\main\java\com\mikelcrm\licenseservice\event\handler\PaymentEventHandler.java
67	C:\dev\smt\docs\diagnostico-kafka-integracion.md
67	C:\dev\licencesmikel\license-service\src\main\resources\db\migration\V1__create_core_tables.sql
67	C:\dev\smt\packages\backend\src\modules\assignments\assignment.types.ts
66	C:\dev\licencesmikel\portal-contratacion\src\app\features\dashboard\components\credits-section\credits-section.component.ts
65	C:\dev\licencesmikel\portal-contratacion\src\app\features\dashboard\components\quota-section\quota-section.component.ts
65	C:\dev\licencesmikel\license-service\src\main\java\com\mikelcrm\licenseservice\service\notification\EmailService.java
65	C:\dev\smt\packages\backend\src\db\schema\forms.ts
65	C:\dev\smt\packages\backend\src\modules\tickets\queues.ts
64	C:\dev\licencesmikel\license-service\src\main\java\com\mikelcrm\licenseservice\event\outbox\OutboxPublisher.java
64	C:\dev\licencesmikel\portal-contratacion\src\app\features\dashboard\components\modules-section\modules-section.component.ts
64	C:\dev\smt\scripts\migrate-ticket-identificador.sql
64	C:\dev\smt\packages\backend\src\modules\tickets\sla.worker.ts
64	C:\dev\smt\packages\backend\src\modules\credits\plan-limits.service.ts
63	C:\dev\licencesmikel\license-service\src\main\java\com\mikelcrm\licenseservice\controller\FuncionRolesController.java
63	C:\dev\licencesmikel\license-service\src\main\java\com\mikelcrm\licenseservice\service\command\PagoManualService.java
62	C:\dev\apisix\apisix-config\config.yaml
62	C:\dev\smt\packages\backend\src\modules\reactivos\state-machine.ts
62	C:\dev\smt\packages\frontend\src\components\SessionCountdown.tsx
61	C:\dev\smt\packages\backend\package.json
61	C:\dev\apisix\.devcontainer\README.md
61	C:\dev\smt\packages\backend\src\modules\reactivos\section-renderers\observations.renderer.ts
60	C:\dev\licencesmikel\portal-contratacion\src\app\core\services\plan.service.ts
60	C:\dev\smt\docker-compose.override.yml
60	C:\dev\licencesmikel\portal-contratacion\src\app\core\services\cobro-admin.service.ts
60	C:\dev\licencesmikel\portal-contratacion\src\app\core\models\api-responses.model.ts
60	C:\dev\licencesmikel\license-service\src\main\java\com\mikelcrm\licenseservice\domain\entity\Plan.java
60	C:\dev\smt\packages\frontend\src\middleware.ts
59	C:\dev\licencesmikel\license-service\src\main\java\com\mikelcrm\licenseservice\job\TenantCancelacionJob.java
59	C:\dev\licencesmikel\license-service\src\main\java\com\mikelcrm\licenseservice\domain\entity\PagoSpeiRecibido.java
59	C:\dev\licencesmikel\license-service\src\main\java\com\mikelcrm\licenseservice\config\SecurityConfig.java
59	C:\dev\licencesmikel\portal-contratacion\src\app\features\public-portal\components\credit-packages\credit-packages.component.ts
59	C:\dev\smt\packages\backend\src\db\schema\reactivos.ts
59	C:\dev\smt\packages\backend\src\db\schema\consumption.ts
59	C:\dev\smt\packages\backend\src\modules\clientes\rbac.guard.ts
58	C:\dev\smt\packages\backend\src\db\sync-keycloak-users-to-local.ts
58	C:\dev\smt\packages\backend\src\modules\audit\audit.types.ts
58	C:\dev\licencesmikel\portal-contratacion\src\app\features\dashboard\components\banner-promo\banner-promo.component.ts
58	C:\dev\smt\e2e\tests\auth.setup.ts
58	C:\dev\licencesmikel\portal-contratacion\src\app\features\dashboard\components\history-table\history-table.component.ts
58	C:\dev\smt\packages\backend\src\modules\validation\patterns\conditional.ts
57	C:\dev\smt\packages\frontend\src\app\(dashboard)\my-forms\page.tsx
57	C:\dev\smt\packages\frontend\src\components\layout\Header.tsx
57	C:\dev\licencesmikel\license-service\src\main\java\com\mikelcrm\licenseservice\controller\TenantQueryController.java
57	C:\dev\licencesmikel\license-service\src\main\java\com\mikelcrm\licenseservice\controller\TenantCommandController.java
56	C:\dev\smt\packages\backend\src\modules\tickets\ticket.types.ts
56	C:\dev\smt\packages\frontend\src\lib\form-styles.ts
55	C:\dev\smt\packages\backend\src\modules\audit\audit.routes.ts
55	C:\dev\smt\.kiro\specs\keycloak-user-sync\requirements.md
55	C:\dev\licencesmikel\portal-contratacion\src\app\core\models\cartera.model.ts
55	C:\dev\licencesmikel\license-service\src\main\java\com\mikelcrm\licenseservice\domain\entity\CobroMensual.java
55	C:\dev\Integrator\.kiro\specs\devcontainer-keycloak\requirements.md
55	C:\dev\Integrator\.kiro\specs\devcontainer-keycloak\tasks.md
55	C:\dev\licencesmikel\license-service\src\main\java\com\mikelcrm\licenseservice\domain\validation\RoleSetValidator.java
54	C:\dev\smt\packages\backend\src\modules\auth\keycloak-auth.strategy.ts
54	C:\dev\smt\packages\backend\src\modules\report-templates\report-theme.types.ts
53	C:\dev\smt\packages\backend\src\lib\tenant-schema.ts
53	C:\dev\smt\packages\backend\src\modules\validation\patterns\field-pattern.ts
52	C:\dev\smt\packages\frontend\src\components\signature\SignatureUpload.tsx
52	C:\dev\smt\.devcontainer\backend\setup.sh
52	C:\dev\licencesmikel\portal-contratacion\src\app\features\public-portal\components\discount-policy\discount-policy.component.ts
52	C:\dev\smt\packages\backend\src\modules\auth\standalone-auth.strategy.ts
52	C:\dev\licencesmikel\portal-contratacion\src\app\features\public-portal\components\contract-request\contract-request.component.ts
51	C:\dev\smt\packages\shared\test-utils\arbitraries.ts
51	C:\dev\smt\.devcontainer\backend\docker-compose.devcontainer.yml
51	C:\dev\smt\packages\frontend\src\components\kanban\StateHistory.tsx
51	C:\dev\smt\packages\frontend\src\components\notifications\NotificationPanel.tsx
51	C:\dev\smt\packages\backend\src\modules\auth\tenant-resolver.ts
51	C:\dev\smt\packages\backend\src\db\schema\calculation.ts
51	C:\dev\smt\packages\backend\src\modules\notifications\notification.types.ts
50	C:\dev\smt\packages\backend\src\db\migrations\0006_move_to_sgr_default.sql
50	C:\dev\smt\packages\backend\src\modules\validation\patterns\numeric-range.ts
50	C:\dev\smt\packages\backend\src\db\run-migrations.ts
50	C:\dev\smt\packages\backend\src\modules\reactivos\reactivo.schemas.ts
50	C:\dev\smt\packages\frontend\src\app\(dashboard)\admin\layout.tsx
50	C:\dev\licencesmikel\portal-contratacion\src\app\app.routes.ts
50	C:\dev\smt\packages\backend\src\modules\validation\patterns\field-transform.ts
49	C:\dev\licencesmikel\license-service\.devcontainer\devcontainer.json
49	C:\dev\smt\scripts\migrate-report-templates.sql
49	C:\dev\licencesmikel\license-service\src\main\java\com\mikelcrm\licenseservice\controller\dto\AdjustCreditsRequest.java
49	C:\dev\smt\packages\frontend\src\lib\guards.ts
49	C:\dev\smt\.devcontainer\e2e\docker-compose.devcontainer.yml
49	C:\dev\smt\packages\frontend\src\app\(dashboard)\my-reactivos\page.tsx
49	C:\dev\smt\packages\backend\src\db\migrations\0005_platform_tables.sql
49	C:\dev\smt\packages\backend\src\modules\validation\audit-helper.ts
48	C:\dev\licencesmikel\license-service\src\main\java\com\mikelcrm\licenseservice\controller\NotificationController.java
48	C:\dev\licencesmikel\license-service\src\main\java\com\mikelcrm\licenseservice\domain\entity\EstadoCuentaTenant.java
47	C:\dev\smt\packages\backend\src\db\schema\report-templates.ts
47	C:\dev\smt\packages\frontend\src\app\(dashboard)\platform\layout.tsx
47	C:\dev\licencesmikel\license-service\src\main\java\com\mikelcrm\licenseservice\config\JwtProperties.java
46	C:\dev\smt\packages\backend\src\modules\users\name-utils.test.ts
46	C:\dev\licencesmikel\license-service\src\main\java\com\mikelcrm\licenseservice\domain\entity\ContratoAnual.java
46	C:\dev\licencesmikel\portal-contratacion\src\app\core\models\calculator.model.ts
46	C:\dev\smt\packages\backend\src\modules\reactivos\section-renderers\state-history.renderer.ts
46	C:\dev\apisix\.devcontainer\redis\seed.sh
46	C:\dev\licencesmikel\license-service\.devcontainer\post-create.sh
46	C:\dev\licencesmikel\license-service\src\main\java\com\mikelcrm\licenseservice\event\outbox\OutboxEvent.java
46	C:\dev\licencesmikel\license-service\src\main\java\com\mikelcrm\licenseservice\domain\entity\MensualidadTenant.java
45	C:\dev\licencesmikel\portal-contratacion\package.json
45	C:\dev\smt\packages\frontend\src\lib\tenant.ts
45	C:\dev\smt\packages\frontend\src\app\(dashboard)\users\[id]\edit\page.tsx
45	C:\dev\smt\packages\backend\src\modules\validation\patterns\field-range.ts
45	C:\dev\smt\config\garage-init.sh
45	C:\dev\licencesmikel\license-service\src\main\resources\db\migration\V20260902__mensualidad_tenant.sql
45	C:\dev\licencesmikel\portal-contratacion\src\app\core\services\estado-cuenta.service.ts
44	C:\dev\smt\packages\frontend\src\components\assignments\AssignmentList.tsx
44	C:\dev\smt\packages\backend\src\modules\report-templates\audit-helper.ts
44	C:\dev\licencesmikel\portal-contratacion\src\app\shared\components\not-found\not-found.component.ts
44	C:\dev\smt\packages\backend\src\modules\kanban\kanban.types.ts
44	C:\dev\licencesmikel\license-service\src\main\java\com\mikelcrm\licenseservice\security\TenantAuthenticationToken.java
43	C:\dev\smt\.devcontainer\frontend\devcontainer.json
43	C:\dev\licencesmikel\portal-contratacion\src\app\features\public-portal\components\calculator\calculator.component.ts
43	C:\dev\licencesmikel\license-service\src\main\java\com\mikelcrm\licenseservice\domain\entity\CuentaClabeTenant.java
43	C:\dev\licencesmikel\license-service\src\main\java\com\mikelcrm\licenseservice\domain\entity\AuditLog.java
43	C:\dev\licencesmikel\license-service\src\main\resources\db\migration\V3__create_rbac_audit_tables.sql
43	C:\dev\smt\packages\backend\src\modules\validation\patterns\field-lookup.ts
43	C:\dev\smt\e2e\tests\.auth\session.json
42	C:\dev\smt\packages\shared\test-utils\setup.test.ts
42	C:\dev\smt\packages\backend\src\db\migrations\0011_consumption_accounts.sql
42	C:\dev\apisix\.devcontainer\devcontainer.json
42	C:\dev\licencesmikel\portal-contratacion\src\app\shared\material.imports.ts
42	C:\dev\smt\packages\backend\src\db\migrations\0001_custom_indexes_and_triggers.sql
41	C:\dev\smt\packages\frontend\src\lib\tenant.test.ts
41	C:\dev\licencesmikel\portal-contratacion\src\app\core\interceptors\auth.interceptor.ts
41	C:\dev\smt\packages\backend\src\lib\swagger.ts
41	C:\dev\smt\packages\backend\src\lib\security.ts
41	C:\dev\licencesmikel\license-service\src\main\resources\application-prod.yml
41	C:\dev\licencesmikel\license-service\src\main\java\com\mikelcrm\licenseservice\service\query\dto\ReactivationSummaryResponse.java
40	C:\dev\licencesmikel\license-service\src\main\java\com\mikelcrm\licenseservice\domain\entity\EventoCredito.java
40	C:\dev\licencesmikel\license-service\src\main\java\com\mikelcrm\licenseservice\domain\entity\CuotaMensual.java
40	C:\dev\smt\packages\backend\src\modules\auth\auth.types.ts
40	C:\dev\smt\packages\backend\src\db\schema\observations.ts
40	C:\dev\smt\e2e\playwright.config.ts
40	C:\dev\smt\packages\backend\src\modules\validation\patterns\field-evaluators.ts
39	C:\dev\licencesmikel\license-service\src\main\java\com\mikelcrm\licenseservice\controller\ContractCommandController.java
39	C:\dev\licencesmikel\license-service\src\main\java\com\mikelcrm\licenseservice\controller\AperturaController.java
38	C:\dev\licencesmikel\license-service\src\main\java\com\mikelcrm\licenseservice\domain\converter\RolesJsonConverter.java
38	C:\dev\licencesmikel\portal-contratacion\.devcontainer\devcontainer.json
38	C:\dev\smt\packages\backend\src\modules\validation\patterns\required-all.ts
38	C:\dev\licencesmikel\license-service\src\main\java\com\mikelcrm\licenseservice\startup\EstadoCuentaReconciliationRunner.java
38	C:\dev\smt\packages\backend\src\modules\forms\form.schemas.test.ts
38	C:\dev\smt\packages\shared\package.json
38	C:\dev\smt\package.json
38	C:\dev\smt\packages\backend\src\db\migrations\0009_validation_rules_engine.sql
38	C:\dev\licencesmikel\license-service\src\main\java\com\mikelcrm\licenseservice\domain\entity\PaqueteCreditos.java
38	C:\dev\licencesmikel\license-service\src\main\java\com\mikelcrm\licenseservice\config\RateLimitProperties.java
38	C:\dev\licencesmikel\license-service\src\main\java\com\mikelcrm\licenseservice\domain\entity\Renovacion.java
38	C:\dev\licencesmikel\portal-contratacion\src\app\features\public-portal\services\calculator-state.service.ts
37	C:\dev\licencesmikel\license-service\src\main\resources\db\migration\V2__create_credits_tables.sql
37	C:\dev\smt\packages\backend\src\lib\slug.ts
37	C:\dev\licencesmikel\license-service\src\main\java\com\mikelcrm\licenseservice\security\TenantContext.java
37	C:\dev\smt\packages\frontend\src\components\forms\HTMLEditor.tsx
37	C:\dev\smt\packages\backend\src\modules\catalogs\catalog.routes.ts
37	C:\dev\licencesmikel\license-service\src\main\java\com\mikelcrm\licenseservice\payment\gateway\DummyPaymentGateway.java
37	C:\dev\smt\packages\backend\src\modules\validation\patterns\readonly.ts
37	C:\dev\smt\packages\backend\src\modules\report-templates\theme-catalog.routes.ts
37	C:\dev\smt\packages\backend\src\modules\users\user.types.ts
36	C:\dev\smt\packages\frontend\src\lib\auth.ts
36	C:\dev\smt\docs\file_RoleTenant.md
36	C:\dev\Integrator\SECURITY.md
36	C:\dev\licencesmikel\license-service\src\main\java\com\mikelcrm\licenseservice\domain\entity\FuncionRoles.java
36	C:\dev\licencesmikel\portal-contratacion\src\app\core\services\license-api.service.ts
35	C:\dev\smt\packages\frontend\src\components\kanban\AttemptChain.tsx
35	C:\dev\smt\packages\backend\src\modules\users\rbac.middleware.ts
35	C:\dev\licencesmikel\license-service\src\main\java\com\mikelcrm\licenseservice\payment\validation\CardValidator.java
35	C:\dev\smt\packages\backend\src\modules\validation\patterns\field-required.ts
35	C:\dev\smt\packages\backend\src\db\migrations\0012_ticket_id_tables.sql
35	C:\dev\smt\packages\backend\src\modules\forms\form.schemas.ts
34	C:\dev\licencesmikel\portal-contratacion\tsconfig.json
34	C:\dev\smt\packages\backend\src\modules\validation\patterns\index.ts
34	C:\dev\smt\packages\frontend\src\app\(dashboard)\platform\report-templates\components\SectionPalette.tsx
34	C:\dev\licencesmikel\license-service\src\main\java\com\mikelcrm\licenseservice\controller\PaymentController.java
34	C:\dev\licencesmikel\portal-contratacion\src\app\core\guards\auth.guard.ts
34	C:\dev\licencesmikel\license-service\src\main\java\com\mikelcrm\licenseservice\domain\entity\CuotaAlmacenamiento.java
34	C:\dev\licencesmikel\license-service\src\main\java\com\mikelcrm\licenseservice\service\query\dto\ContractResponse.java
33	C:\dev\smt\.kiro\specs\ensayo-tecnico\tasks.md
33	C:\dev\smt\packages\backend\src\modules\form-templates\form-template.schemas.ts
33	C:\dev\smt\.kiro\specs\schema-creation-fix\bugfix.md
33	C:\dev\licencesmikel\license-service\src\main\java\com\mikelcrm\licenseservice\service\cache\CacheInvalidationService.java
33	C:\dev\smt\packages\backend\src\modules\users\user.schemas.ts
33	C:\dev\licencesmikel\portal-contratacion\src\app\core\models\estado-cuenta.model.ts
33	C:\dev\smt\.devcontainer\e2e\devcontainer.json
32	C:\dev\licencesmikel\license-service\src\main\resources\application-test.yml
31	C:\dev\licencesmikel\license-service\src\main\resources\db\migration\V20260831__planes_esencial_empresarial.sql
31	C:\dev\licencesmikel\portal-contratacion\src\app\features\public-portal\services\calculator.service.ts
31	C:\dev\licencesmikel\license-service\src\main\java\com\mikelcrm\licenseservice\service\query\dto\CreditResponse.java
31	C:\dev\licencesmikel\portal-contratacion\src\app\core\interceptors\error.interceptor.ts
31	C:\dev\licencesmikel\license-service\src\main\java\com\mikelcrm\licenseservice\controller\dto\ProvisioningInfoResponse.java
30	C:\dev\smt\packages\backend\src\modules\reactivos\section-renderers\signatures.renderer.ts
30	C:\dev\licencesmikel\license-service\src\main\java\com\mikelcrm\licenseservice\event\DomainEvent.java
30	C:\dev\smt\packages\frontend\src\app\(dashboard)\platform\report-templates\nuevo\page.tsx
30	C:\dev\smt\packages\backend\src\modules\reactivos\reactivo.errors.ts
30	C:\dev\smt\packages\backend\src\modules\observations\observation.types.ts
29	C:\dev\licencesmikel\license-service\src\main\java\com\mikelcrm\licenseservice\controller\AccessController.java
29	C:\dev\licencesmikel\portal-contratacion\karma.conf.js
29	C:\dev\smt\.devcontainer\frontend\setup.sh
29	C:\dev\smt\packages\frontend\src\lib\roles.ts
29	C:\dev\licencesmikel\license-service\src\main\java\com\mikelcrm\licenseservice\domain\entity\RolUsuario.java
29	C:\dev\smt\packages\shared\test-utils\database.ts
29	C:\dev\licencesmikel\license-service\src\main\java\com\mikelcrm\licenseservice\config\OpenApiConfig.java
28	C:\dev\smt\packages\backend\src\modules\reactivos\section-renderers\static.renderer.ts
28	C:\dev\smt\tsconfig.base.json
28	C:\dev\licencesmikel\license-service\src\main\resources\db\migration\V010__create_planes_table.sql
28	C:\dev\licencesmikel\portal-contratacion\src\app\features\dashboard\components\action-buttons\action-buttons.component.ts
28	C:\dev\licencesmikel\license-service\src\main\java\com\mikelcrm\licenseservice\service\command\dto\ConsumeReportRequest.java
28	C:\dev\licencesmikel\license-service\src\main\java\com\mikelcrm\licenseservice\domain\entity\ContadorConsultas.java
28	C:\dev\smt\packages\frontend\package.json
28	C:\dev\smt\packages\frontend\src\components\notifications\NotificationBadge.tsx
27	C:\dev\smt\packages\frontend\src\components\signature\SignaturePreview.tsx
27	C:\dev\smt\packages\frontend\src\components\reactivos\ReapplyButton.tsx
27	C:\dev\licencesmikel\portal-contratacion\src\app\core\models\funcion-roles.model.ts
27	C:\dev\licencesmikel\portal-contratacion\src\app\shared\components\progress-bar\progress-bar.component.ts
27	C:\dev\licencesmikel\portal-contratacion\src\test.ts
27	C:\dev\smt\packages\backend\src\modules\validation\patterns\identity.ts
27	C:\dev\licencesmikel\license-service\src\main\java\com\mikelcrm\licenseservice\util\SlugUtil.java
27	C:\dev\smt\packages\backend\src\modules\users\name-utils.ts
27	C:\dev\smt\packages\backend\src\db\apply-schema-template.ts
26	C:\dev\smt\packages\backend\src\modules\report-templates\index.ts
26	C:\dev\smt\packages\backend\src\lib\redis.ts
26	C:\dev\licencesmikel\portal-contratacion\docker-compose.yml
26	C:\dev\licencesmikel\license-service\src\main\resources\db\migration\V4__create_indexes.sql
26	C:\dev\smt\packages\backend\src\modules\reactivos\section-renderers\custom-html.renderer.ts
26	C:\dev\licencesmikel\license-service\src\main\java\com\mikelcrm\licenseservice\config\RedisConfig.java
25	C:\dev\smt\packages\backend\src\types\pdfkit.d.ts
25	C:\dev\smt\vitest.workspace.ts
25	C:\dev\smt\packages\backend\src\modules\users\rbac.helpers.ts
25	C:\dev\apisix\apisix-config\SECURITY.md
25	C:\dev\smt\packages\frontend\src\components\ui\Toast.tsx
25	C:\dev\licencesmikel\license-service\src\main\java\com\mikelcrm\licenseservice\domain\repository\ContratoAnualRepository.java
25	C:\dev\licencesmikel\license-service\src\main\java\com\mikelcrm\licenseservice\controller\CuotaCommandController.java
25	C:\dev\smt\packages\frontend\src\components\observations\FileAttachment.tsx
25	C:\dev\apisix\apisix-config\init-certs.sh
25	C:\dev\smt\packages\backend\entrypoint.sh
25	C:\dev\smt\packages\backend\src\db\schema\platform.ts
24	C:\dev\smt\packages\frontend\src\app\(dashboard)\layout.tsx
24	C:\dev\licencesmikel\license-service\src\main\java\com\mikelcrm\licenseservice\domain\repository\CobroMensualRepository.java
24	C:\dev\smt\vitest.config.ts
24	C:\dev\licencesmikel\license-service\src\main\java\com\mikelcrm\licenseservice\service\command\dto\AperturaRequest.java
24	C:\dev\smt\packages\frontend\tailwind.config.ts
24	C:\dev\licencesmikel\portal-contratacion\src\app\shared\components\error-handler\error-handler.component.ts
24	C:\dev\Integrator\.devcontainer\devcontainer.json
23	C:\dev\smt\packages\backend\src\db\schema\audit.ts
23	C:\dev\licencesmikel\license-service\src\main\java\com\mikelcrm\licenseservice\payment\PaymentGatewayFactory.java
23	C:\dev\smt\e2e\package.json
23	C:\dev\smt\.kiro\specs\schema-creation-fix\.meta.json
23	C:\dev\smt\packages\frontend\tsconfig.json
23	C:\dev\licencesmikel\license-service\src\main\resources\application-local.yml
23	C:\dev\licencesmikel\license-service\src\main\java\com\mikelcrm\licenseservice\domain\repository\PaqueteCreditosRepository.java
23	C:\dev\smt\packages\backend\src\modules\users\plan-role.guard.ts
23	C:\dev\licencesmikel\license-service\src\main\java\com\mikelcrm\licenseservice\domain\repository\CuotaMensualRepository.java
23	C:\dev\licencesmikel\license-service\src\main\java\com\mikelcrm\licenseservice\domain\repository\MensualidadTenantRepository.java
23	C:\dev\smt\packages\backend\src\modules\validation\patterns\field-identity.ts
22	C:\dev\licencesmikel\license-service\src\main\java\com\mikelcrm\licenseservice\controller\dto\LedgerEntryResponse.java
22	C:\dev\licencesmikel\license-service\src\main\java\com\mikelcrm\licenseservice\config\KafkaConfig.java
22	C:\dev\smt\.kiro\specs\punto-tipo-muestreo-individual\bugfix.md
22	C:\dev\smt\scripts\migrate-theme-config.sql
22	C:\dev\licencesmikel\license-service\src\main\java\com\mikelcrm\licenseservice\domain\repository\EstadoCuentaTenantRepository.java
22	C:\dev\licencesmikel\license-service\src\main\java\com\mikelcrm\licenseservice\audit\AuditAction.java
22	C:\dev\smt\packages\backend\src\db\schema\notifications.ts
22	C:\dev\smt\packages\backend\src\db\migrations\0014_tenant_onboarding_status.sql
22	C:\dev\smt\packages\backend\src\db\schema\enums.ts
22	C:\dev\licencesmikel\portal-contratacion\src\styles.scss
22	C:\dev\smt\packages\backend\src\db\index.ts
22	C:\dev\smt\packages\backend\src\modules\kanban\kanban.schemas.ts
21	C:\dev\licencesmikel\license-service\src\main\resources\db\migration\V20260901__create_outbox_event.sql
21	C:\dev\licencesmikel\license-service\src\main\java\com\mikelcrm\licenseservice\service\command\dto\CreateContractRequest.java
21	C:\dev\licencesmikel\license-service\src\main\java\com\mikelcrm\licenseservice\event\outbox\OutboxEventRepository.java
21	C:\dev\smt\packages\backend\tsconfig.json
21	C:\dev\smt\packages\backend\src\db\schema\index.ts
21	C:\dev\licencesmikel\license-service\src\main\java\com\mikelcrm\licenseservice\security\rbac\RequiresPermission.java
21	C:\dev\licencesmikel\portal-contratacion\src\app\shared\components\loading-skeleton\loading-skeleton.component.ts
21	C:\dev\smt\packages\backend\src\db\schema\users.ts
21	C:\dev\licencesmikel\portal-contratacion\tailwind.config.js
21	C:\dev\smt\packages\frontend\src\app\(dashboard)\users\new\page.tsx
21	C:\dev\licencesmikel\license-service\src\main\java\com\mikelcrm\licenseservice\controller\dto\TenantBalanceResponse.java
20	C:\dev\licencesmikel\license-service\src\main\java\com\mikelcrm\licenseservice\service\query\dto\AccessResponse.java
20	C:\dev\licencesmikel\license-service\src\main\java\com\mikelcrm\licenseservice\config\WebMvcConfig.java
20	C:\dev\smt\packages\frontend\src\app\layout.tsx
20	C:\dev\smt\packages\backend\src\db\migrations\0010_calculation_rules.sql
20	C:\dev\smt\packages\backend\src\db\schema\signatures.ts
20	C:\dev\smt\packages\backend\src\modules\forms\form.errors.ts
20	C:\dev\smt\packages\backend\src\modules\observations\observation.errors.ts
20	C:\dev\smt\packages\backend\src\modules\forms\index.ts
20	C:\dev\licencesmikel\license-service\src\main\java\com\mikelcrm\licenseservice\service\command\dto\CreateTenantRequest.java
20	C:\dev\licencesmikel\license-service\src\main\java\com\mikelcrm\licenseservice\service\command\dto\ConsumeCreditsRequest.java
20	C:\dev\licencesmikel\license-service\src\main\java\com\mikelcrm\licenseservice\service\command\dto\RegisterConsultationRequest.java
19	C:\dev\smt\config\garage.toml
19	C:\dev\smt\packages\backend\src\modules\credits\credit.types.ts
19	C:\dev\smt\packages\backend\src\modules\users\user.errors.ts
19	C:\dev\smt\packages\backend\src\modules\credits\credit-debt.service.ts
19	C:\dev\licencesmikel\license-service\src\main\java\com\mikelcrm\licenseservice\domain\repository\TenantRepository.java
19	C:\dev\licencesmikel\license-service\src\main\java\com\mikelcrm\licenseservice\service\command\dto\AcquireCreditsRequest.java
18	C:\dev\smt\packages\frontend\src\app\(dashboard)\platform\report-templates\[id]\page.tsx
18	C:\dev\smt\packages\backend\src\modules\reactivos\index.ts
18	C:\dev\licencesmikel\license-service\src\main\java\com\mikelcrm\licenseservice\exception\SaldoInsuficienteException.java
18	C:\dev\smt\.devcontainer\frontend\docker-compose.devcontainer.yml
18	C:\dev\licencesmikel\license-service\src\main\java\com\mikelcrm\licenseservice\service\command\dto\CompensateCreditsRequest.java
18	C:\dev\licencesmikel\portal-contratacion\src\app\app.config.ts
18	C:\dev\Integrator\.devcontainer\docker-compose.devcontainer.yml
18	C:\dev\licencesmikel\license-service\src\main\java\com\mikelcrm\licenseservice\domain\repository\ContadorConsultasRepository.java
18	C:\dev\licencesmikel\license-service\src\main\java\com\mikelcrm\licenseservice\service\query\dto\SuspendedResponse.java
18	C:\dev\licencesmikel\license-service\src\main\resources\db\migration\V20260829__plan_costos_reporte_muestreo.sql
18	C:\dev\licencesmikel\portal-contratacion\src\app\core\models\auth.model.ts
18	C:\dev\smt\packages\backend\src\modules\assignments\assignment.errors.ts
18	C:\dev\smt\packages\backend\src\modules\observations\observation.schemas.ts
17	C:\dev\licencesmikel\license-service\src\main\java\com\mikelcrm\licenseservice\payment\StripeProperties.java
17	C:\dev\licencesmikel\portal-contratacion\src\app\shared\components\access-denied\access-denied.component.ts
17	C:\dev\smt\packages\backend\src\modules\clientes\cliente.errors.ts
17	C:\dev\smt\e2e\tsconfig.json
17	C:\dev\smt\packages\backend\src\modules\notifications\index.ts
17	C:\dev\licencesmikel\license-service\src\main\java\com\mikelcrm\licenseservice\controller\dto\AdjustCreditsResponse.java
17	C:\dev\licencesmikel\license-service\src\main\java\com\mikelcrm\licenseservice\exception\DuplicateContractException.java
17	C:\dev\licencesmikel\portal-contratacion\src\app\features\public-portal\public-portal.routes.ts
17	C:\dev\licencesmikel\portal-contratacion\nginx.conf
17	C:\dev\licencesmikel\license-service\src\main\java\com\mikelcrm\licenseservice\controller\dto\PaginatedLedgerResponse.java
17	C:\dev\smt\packages\frontend\src\app\globals.css
17	C:\dev\smt\packages\backend\src\modules\reactivos\section-renderers\renderer.interface.ts
17	C:\dev\licencesmikel\portal-contratacion\src\app\core\guards\platform-admin.guard.ts
17	C:\dev\licencesmikel\license-service\src\main\java\com\mikelcrm\licenseservice\service\command\dto\PayCuotaRequest.java
16	C:\dev\smt\packages\backend\src\modules\signatures\signature.errors.ts
16	C:\dev\smt\packages\backend\src\modules\signatures\signature.types.ts
16	C:\dev\smt\packages\backend\src\modules\kanban\kanban.errors.ts
16	C:\dev\licencesmikel\license-service\src\main\java\com\mikelcrm\licenseservice\service\command\dto\ReactivateTenantRequest.java
16	C:\dev\licencesmikel\license-service\src\main\java\com\mikelcrm\licenseservice\controller\dto\TenantSearchResult.java
16	C:\dev\licencesmikel\license-service\src\main\java\com\mikelcrm\licenseservice\exception\InvalidStateTransitionException.java
16	C:\dev\smt\packages\backend\src\modules\tickets\ticket.errors.ts
15	C:\dev\smt\packages\backend\src\modules\clientes\documento.errors.ts
15	C:\dev\licencesmikel\license-service\src\main\java\com\mikelcrm\licenseservice\payment\PaymentRequest.java
15	C:\dev\smt\docker-compose.no-cache.yml
15	C:\dev\smt\packages\backend\src\modules\audit\audit.schemas.ts
15	C:\dev\licencesmikel\portal-contratacion\src\index.html
15	C:\dev\smt\packages\backend\src\modules\notifications\notification.errors.ts
15	C:\dev\smt\packages\frontend\src\app\(dashboard)\page.tsx
14	C:\dev\smt\packages\backend\src\modules\tickets\index.ts
14	C:\dev\smt\scripts\run-hashid-migration.sql
14	C:\dev\licencesmikel\license-service\src\main\java\com\mikelcrm\licenseservice\service\command\dto\CommandResponse.java
14	C:\dev\licencesmikel\license-service\src\main\java\com\mikelcrm\licenseservice\domain\repository\CuentaClabeTenantRepository.java
13	C:\dev\smt\packages\shared\src\types\index.ts
13	C:\dev\smt\send-event.js
13	C:\dev\smt\packages\backend\src\modules\users\index.ts
13	C:\dev\licencesmikel\license-service\src\main\java\com\mikelcrm\licenseservice\domain\repository\PagoSpeiRecibidoRepository.java
13	C:\dev\smt\packages\shared\test-utils\app.ts
13	C:\dev\licencesmikel\license-service\src\main\resources\db\migration\V20260830__tenant_servicio_pagado_hasta.sql
13	C:\dev\smt\scripts\migrate-report-templates-form-id.sql
13	C:\dev\licencesmikel\license-service\src\main\java\com\mikelcrm\licenseservice\controller\dto\FuncionRolesDTO.java
13	C:\dev\licencesmikel\portal-contratacion\src\app\core\guards\role.guard.ts
12	C:\dev\licencesmikel\portal-contratacion\src\app\app.component.ts
12	C:\dev\smt\packages\backend\src\db\migrations\0007_credit_debts.sql
12	C:\dev\licencesmikel\license-service\src\main\java\com\mikelcrm\licenseservice\exception\CuotaNotFoundException.java
12	C:\dev\licencesmikel\license-service\src\main\java\com\mikelcrm\licenseservice\domain\repository\PlanRepository.java
12	C:\dev\licencesmikel\license-service\src\main\java\com\mikelcrm\licenseservice\exception\ContractNotFoundException.java
12	C:\dev\licencesmikel\license-service\src\main\resources\db\migration\V011__homologate_roles_to_keycloak.sql
12	C:\dev\licencesmikel\license-service\src\main\java\com\mikelcrm\licenseservice\exception\TenantNotFoundException.java
12	C:\dev\licencesmikel\license-service\src\main\java\com\mikelcrm\licenseservice\service\command\dto\RenewContractRequest.java
12	C:\dev\licencesmikel\license-service\src\main\java\com\mikelcrm\licenseservice\exception\InvalidRoleException.java
12	C:\dev\licencesmikel\license-service\src\main\java\com\mikelcrm\licenseservice\exception\MontoIncorrectoException.java
12	C:\dev\licencesmikel\license-service\src\main\java\com\mikelcrm\licenseservice\domain\repository\CuotaAlmacenamientoRepository.java
12	C:\dev\licencesmikel\license-service\src\main\java\com\mikelcrm\licenseservice\domain\entity\AuditLogId.java
12	C:\dev\smt\packages\backend\src\modules\form-templates\index.ts
11	C:\dev\licencesmikel\license-service\src\main\java\com\mikelcrm\licenseservice\config\AsyncConfig.java
11	C:\dev\licencesmikel\license-service\src\main\java\com\mikelcrm\licenseservice\domain\entity\RolUsuarioId.java
11	C:\dev\licencesmikel\license-service\src\main\java\com\mikelcrm\licenseservice\exception\DuplicateRoleSetException.java
11	C:\dev\smt\packages\backend\drizzle.config.ts
11	C:\dev\smt\.devcontainer\e2e\setup.sh
11	C:\dev\licencesmikel\license-service\src\main\java\com\mikelcrm\licenseservice\domain\repository\RolUsuarioRepository.java
11	C:\dev\licencesmikel\license-service\src\main\java\com\mikelcrm\licenseservice\LicenseServiceApplication.java
11	C:\dev\licencesmikel\license-service\src\main\java\com\mikelcrm\licenseservice\exception\DuplicateCodigoException.java
11	C:\dev\licencesmikel\license-service\src\main\java\com\mikelcrm\licenseservice\exception\FuncionRolesNotFoundException.java
11	C:\dev\licencesmikel\license-service\src\test\java\com\mikelcrm\licenseservice\LicenseServiceApplicationTests.java
10	C:\dev\smt\migrate-tenants-form-type.sql
10	C:\dev\smt\packages\backend\src\modules\kanban\index.ts
10	C:\dev\smt\packages\backend\src\modules\auth\auth.schemas.ts
10	C:\dev\licencesmikel\license-service\src\main\java\com\mikelcrm\licenseservice\payment\PaymentGateway.java
10	C:\dev\licencesmikel\license-service\src\main\java\com\mikelcrm\licenseservice\controller\dto\CreateFuncionRolesRequest.java
10	C:\dev\licencesmikel\license-service\src\main\java\com\mikelcrm\licenseservice\payment\PaymentResponse.java
10	C:\dev\licencesmikel\license-service\src\main\java\com\mikelcrm\licenseservice\domain\repository\RenovacionRepository.java
10	C:\dev\smt\packages\backend\src\modules\assignments\index.ts
10	C:\dev\smt\packages\backend\src\modules\assignments\assignment.schemas.ts
10	C:\dev\smt\packages\frontend\src\app\(dashboard)\kanban\page.tsx
10	C:\dev\licencesmikel\license-service\src\main\java\com\mikelcrm\licenseservice\domain\repository\FuncionRolesRepository.java
9	C:\dev\licencesmikel\license-service\src\main\java\com\mikelcrm\licenseservice\controller\dto\UpdateFuncionRolesRequest.java
9	C:\dev\licencesmikel\license-service\src\main\java\com\mikelcrm\licenseservice\domain\enums\RolTenant.java
9	C:\dev\licencesmikel\portal-contratacion\src\environments\environment.prod.ts
9	C:\dev\smt\packages\backend\src\modules\observations\index.ts
9	C:\dev\smt\packages\shared\tsconfig.json
9	C:\dev\licencesmikel\portal-contratacion\src\environments\environment.ts
9	C:\dev\licencesmikel\license-service\src\main\java\com\mikelcrm\licenseservice\domain\enums\TipoEventoCredito.java
9	C:\dev\licencesmikel\portal-contratacion\tsconfig.spec.json
9	C:\dev\licencesmikel\portal-contratacion\tsconfig.app.json
8	C:\dev\smt\packages\backend\src\modules\clientes\index.ts
8	C:\dev\smt\packages\frontend\src\lib\routes.ts
8	C:\dev\smt\packages\backend\src\modules\notifications\notification.schemas.ts
8	C:\dev\licencesmikel\license-service\src\main\java\com\mikelcrm\licenseservice\domain\repository\AuditLogRepository.java
8	C:\dev\smt\packages\backend\src\db\migrations\0015_tenant_cancelled_status.sql
8	C:\dev\licencesmikel\license-service\src\main\java\com\mikelcrm\licenseservice\domain\repository\EventoCreditoRepository.java
8	C:\dev\licencesmikel\license-service\src\main\java\com\mikelcrm\licenseservice\domain\enums\EstadoContrato.java
8	C:\dev\smt\packages\backend\src\modules\audit\index.ts
8	C:\dev\licencesmikel\license-service\src\main\java\com\mikelcrm\licenseservice\payment\PaymentProperties.java
8	C:\dev\licencesmikel\portal-contratacion\src\app\shared\pipes\currency-eur.pipe.ts
7	C:\dev\licencesmikel\license-service\src\main\java\com\mikelcrm\licenseservice\security\TenantPrincipal.java
7	C:\dev\licencesmikel\license-service\src\main\java\com\mikelcrm\licenseservice\domain\enums\EstadoTenant.java
7	C:\dev\licencesmikel\license-service\src\main\java\com\mikelcrm\licenseservice\domain\enums\EstadoPagoSpei.java
7	C:\dev\licencesmikel\license-service\src\main\java\com\mikelcrm\licenseservice\exception\RenewalNotAllowedException.java
7	C:\dev\licencesmikel\license-service\src\main\java\com\mikelcrm\licenseservice\domain\enums\EstadoRenovacion.java
7	C:\dev\licencesmikel\license-service\src\main\java\com\mikelcrm\licenseservice\domain\enums\EstadoCuota.java
7	C:\dev\licencesmikel\license-service\src\main\java\com\mikelcrm\licenseservice\exception\OverdueCuotasException.java
7	C:\dev\licencesmikel\license-service\src\main\java\com\mikelcrm\licenseservice\exception\PaqueteNotFoundException.java
7	C:\dev\smt\e2e\fixtures\README.md
7	C:\dev\licencesmikel\license-service\src\main\java\com\mikelcrm\licenseservice\domain\enums\EstadoCobroMensual.java
7	C:\dev\smt\packages\backend\src\modules\credits\index.ts
6	C:\dev\licencesmikel\license-service\src\main\java\com\mikelcrm\licenseservice\domain\enums\TipoMovimientoEdoCuenta.java
6	C:\dev\licencesmikel\license-service\src\main\java\com\mikelcrm\licenseservice\domain\enums\EstadoPaquete.java
6	C:\dev\licencesmikel\license-service\src\main\java\com\mikelcrm\licenseservice\domain\enums\ResultadoAudit.java
6	C:\dev\licencesmikel\license-service\src\main\java\com\mikelcrm\licenseservice\exception\EmptyRolesException.java
6	C:\dev\licencesmikel\portal-contratacion\src\main.ts
6	C:\dev\smt\packages\backend\src\db\migrations\0004_add_asistente_role.sql
6	C:\dev\smt\packages\backend\src\modules\signatures\signature.schemas.ts
6	C:\dev\smt\packages\backend\src\modules\auth\index.ts
6	C:\dev\smt\packages\backend\src\types\fastify.d.ts
6	C:\dev\licencesmikel\license-service\src\main\resources\db\migration\V5__fix_creditos_bonus_constraint.sql
6	C:\dev\licencesmikel\license-service\src\main\java\com\mikelcrm\licenseservice\exception\CuotaVencidaException.java
6	C:\dev\licencesmikel\portal-contratacion\postcss.config.js
5	C:\dev\licencesmikel\portal-contratacion\src\app\features\dashboard\dashboard.routes.ts
5	C:\dev\licencesmikel\license-service\src\main\java\com\mikelcrm\licenseservice\domain\enums\EstadoCuotaAlmacenamiento.java
5	C:\dev\smt\packages\backend\src\modules\tenant\index.ts
5	C:\dev\licencesmikel\license-service\src\main\java\com\mikelcrm\licenseservice\domain\enums\ModalidadReporte.java
5	C:\dev\smt\packages\backend\src\db\migrations\0008_pdf_download_tracking.sql
5	C:\dev\licencesmikel\license-service\src\main\java\com\mikelcrm\licenseservice\domain\enums\TipoContrato.java
5	C:\dev\licencesmikel\license-service\src\main\java\com\mikelcrm\licenseservice\domain\enums\PerfilDocumento.java
5	C:\dev\licencesmikel\license-service\src\main\java\com\mikelcrm\licenseservice\domain\enums\TipoCobro.java
4	C:\dev\smt\packages\frontend\next-env.d.ts
4	C:\dev\smt\scripts\fix-aspirantes-theme.sql
4	C:\dev\smt\packages\frontend\src\app\page.tsx
3	C:\dev\smt\packages\backend\src\modules\platform\index.ts
3	C:\dev\smt\scripts\fix-theme-green.sql
3	C:\dev\smt\scripts\fix-activations.sql
3	C:\dev\smt\packages\backend\src\modules\signatures\index.ts
3	C:\dev\smt\scripts\fix-aspirantes-theme2.sql
3	C:\dev\smt\packages\shared\test-utils\index.ts
2	C:\dev\smt\pnpm-workspace.yaml
2	C:\dev\smt\packages\backend\src\modules\kafka\index.ts
2	C:\dev\licencesmikel\.vscode\settings.json
2	C:\dev\smt\.vscode\settings.json
1	C:\dev\smt\packages\shared\src\index.ts
1	C:\dev\licencesmikel\license-service\molina_event.json
